       , intro      , intro      , intro      , intro     
[0: 1] , intro      , intro      , intro      , intro     
       , intro      , intro      , intro      , intro     
[0: 2] , intro      , intro      , intro      , intro     
       , intro      , intro      , intro      , intro     
[0: 3] , intro      , intro      , intro      , intro     
       , intro      , intro      , intro      , intro     
[0: 4] , intro      , intro      , intro      , intro     
       , intro      , intro      , intro      , intro     
[0: 5] , intro      , intro      , intro      , intro     
       , intro      , intro      , intro      , intro     
[0: 6] , intro      , intro      , intro      , intro     
       , intro      , intro      , intro      , intro     
[0: 7] , intro      , intro      , intro      , intro     
       , intro      , intro      , intro      , intro     
[0: 8] , intro      , intro      , intro      , intro     
       , intro      , intro      , intro      , intro     
[0: 9] , intro      , intro      , intro      , intro     
       , intro      , intro      , intro      , intro     
[0:10] , intro      , intro      , intro      , intro     
       , intro      , intro      , intro      , intro     
[0:11] , intro      , intro      , intro      , intro     
[0:11] , ********** , ********** , ********** , **********
       , silence1   , silence1   , silence1   , silence1  
[0:12] , silence1   , silence1   , silence1   , silence1  
       , silence1   , silence1   , silence1   , silence1  
[0:13] , silence1   , silence1   , silence1   , silence1  
       , silence1   , silence1   , silence1   , silence1  
[0:14] , silence1   , silence1   , silence1   , silence1  
       , silence1   , silence1   , silence1   , silence1  
[0:15] , silence1   , silence1   , silence1   , silence1  
[0:15] , ********** , ********** , ********** , **********
       , in         , in         , in         , in        
[0:16] , in         , in         , in         , in        
       , in         , in         , in         , in        
[0:17] , in         , in         , in         , in        
       , in         , in         , in         , in        
[0:18] , in         , in         , in         , in        
       , out        , hold1      , out        , out       
[0:19] , out        , hold1      , out        , out       
       , out        , out        , out        , out       
[0:20] , out        , out        , out        , out       
       , out        , out        , out        , out       
[0:21] , out        , out        , out        , out       
       , silence1   , out        , silence1   , silence1  
[0:22] , silence1   , out        , silence1   , silence1  
       , in         , in         , in         , in        
[0:23] , in         , in         , in         , in        
       , in         , in         , in         , in        
[0:24] , in         , in         , in         , in        
       , in         , in         , in         , in        
[0:25] , in         , in         , in         , in        
       , out        , hold1      , out        , out       
[0:26] , out        , hold1      , out        , out       
       , out        , out        , out        , out       
[0:27] , out        , out        , out        , out       
       , out        , out        , out        , out       
[0:28] , out        , out        , out        , out       
       , silence1   , out        , silence1   , silence1  
[0:29] , silence1   , out        , silence1   , silence1  
       , in         , in         , in         , in        
[0:30] , in         , in         , in         , in        
       , in         , in         , in         , in        
[0:31] , in         , in         , in         , in        
       , in         , in         , in         , in        
[0:32] , in         , in         , in         , in        
       , out        , out        , out        , out       
[0:33] , out        , out        , out        , out       
       , out        , out        , out        , out       
[0:34] , out        , out        , out        , out       
       , out        , out        , out        , out       
[0:35] , out        , out        , out        , out       
       , silence1   , silence1   , silence1   , silence1  
[0:36] , silence1   , silence1   , silence1   , silence1  
       , silence1   , silence1   , silence1   , silence1  
[0:37] , silence1   , silence1   , silence1   , silence1  
       , silence1   , silence1   , silence1   , silence1  
[0:38] , silence1   , silence1   , silence1   , silence1  
       , in         , in         , in         , in        
[0:39] , in         , in         , in         , in        
       , in         , in         , in         , in        
[0:40] , in         , in         , in         , in        
       , in         , in         , in         , in        
[0:41] , in         , in         , in         , in        
       , out        , hold1      , out        , out       
[0:42] , out        , hold1      , out        , out       
       , out        , out        , out        , out       
[0:43] , out        , out        , out        , out       
       , out        , out        , out        , out       
[0:44] , out        , out        , out        , out       
       , silence1   , out        , silence1   , silence1  
[0:45] , silence1   , out        , silence1   , silence1  
       , in         , in         , in         , in        
[0:46] , in         , in         , in         , in        
       , in         , in         , in         , in        
[0:47] , in         , in         , in         , in        
       , in         , in         , in         , in        
[0:48] , in         , in         , in         , in        
       , out        , hold1      , out        , out       
[0:49] , out        , hold1      , out        , out       
       , out        , out        , out        , out       
[0:50] , out        , out        , out        , out       
       , out        , out        , out        , out       
[0:51] , out        , out        , out        , out       
       , silence1   , out        , silence1   , silence1  
[0:52] , silence1   , out        , silence1   , silence1  
       , in         , in         , in         , in        
[0:53] , in         , in         , in         , in        
       , in         , in         , in         , in        
[0:54] , in         , in         , in         , in        
       , in         , in         , in         , in        
[0:55] , in         , in         , in         , in        
       , out        , out        , out        , out       
[0:56] , out        , out        , out        , out       
       , out        , out        , out        , out       
[0:57] , out        , out        , out        , out       
       , out        , out        , out        , out       
[0:58] , out        , out        , out        , out       
       , silence1   , silence1   , silence1   , silence1  
[0:59] , silence1   , silence1   , silence1   , silence1  
       , silence1   , silence1   , silence1   , silence1  
[1: 0] , silence1   , silence1   , silence1   , silence1  
       , silence1   , silence1   , silence1   , silence1  
[1: 1] , silence1   , silence1   , silence1   , silence1  
[1: 1] , ********** , ********** , ********** , **********
       , snapIntro  , in         , in         , in        
[1: 2] , snapIntro  , in         , in         , in        
       , snapIntro  , in         , in         , in        
[1: 3] , snapIntro  , in         , in         , in        
       , snapNow    , in         , in         , in        
[1: 4] , snapNow    , in         , in         , in        
       , snapNow    , humHigh    , humHigh    , humHigh   
[1: 5] , snapNow    , humHigh    , humHigh    , humHigh   
       , inMouth    , humHigh    , humHigh    , humHigh   
[1: 6] , inMouth    , humHigh    , humHigh    , humHigh   
       , inMouth    , humHigh    , humHigh    , humHigh   
[1: 7] , inMouth    , humHigh    , humHigh    , humHigh   
       , inMouth    , silence1   , silence1   , silence1  
[1: 8] , inMouth    , silence1   , silence1   , silence1  
       , hold1      , silence1   , silence1   , silence1  
[1: 9] , hold1      , silence1   , silence1   , silence1  
       , outNose    , silence1   , silence1   , silence1  
[1:10] , outNose    , silence1   , silence1   , silence1  
       , outNose    , silence1   , silence1   , silence1  
[1:11] , outNose    , silence1   , silence1   , silence1  
       , outNose    , silence1   , silence1   , silence1  
[1:12] , outNose    , silence1   , silence1   , silence1  
       , in         , snapIntro  , snapIntro  , in        
[1:13] , in         , snapIntro  , snapIntro  , in        
       , in         , snapIntro  , snapIntro  , in        
[1:14] , in         , snapIntro  , snapIntro  , in        
       , in         , snapNow    , snapNow    , in        
[1:15] , in         , snapNow    , snapNow    , in        
       , out        , snapNow    , snapNow    , out       
[1:16] , out        , snapNow    , snapNow    , out       
       , out        , in         , in         , out       
[1:17] , out        , in         , in         , out       
       , out        , in         , in         , out       
[1:18] , out        , in         , in         , out       
       , silence1   , in         , in         , silence1  
[1:19] , silence1   , in         , in         , silence1  
       , snapNow    , out        , humLow     , in        
[1:20] , snapNow    , out        , humLow     , in        
       , snapNow    , out        , humLow     , in        
[1:21] , snapNow    , out        , humLow     , in        
       , in         , out        , humLow     , in        
[1:22] , in         , out        , humLow     , in        
       , in         , silence1   , silence1   , humLow    
[1:23] , in         , silence1   , silence1   , humLow    
       , in         , inMouth    , silence1   , humLow    
[1:24] , in         , inMouth    , silence1   , humLow    
       , humHigh    , inMouth    , silence1   , humLow    
[1:25] , humHigh    , inMouth    , silence1   , humLow    
       , humHigh    , inMouth    , silence1   , silence1  
[1:26] , humHigh    , inMouth    , silence1   , silence1  
       , humHigh    , hold1      , silence1   , silence1  
[1:27] , humHigh    , hold1      , silence1   , silence1  
       , silence1   , outNose    , in         , silence1  
[1:28] , silence1   , outNose    , in         , silence1  
       , silence1   , outNose    , in         , silence1  
[1:29] , silence1   , outNose    , in         , silence1  
       , silence1   , outNose    , in         , silence1  
[1:30] , silence1   , outNose    , in         , silence1  
       , silence1   , in         , out        , snapIntro 
[1:31] , silence1   , in         , out        , snapIntro 
       , silence1   , in         , out        , snapIntro 
[1:32] , silence1   , in         , out        , snapIntro 
       , in         , in         , out        , snapNow   
[1:33] , in         , in         , out        , snapNow   
       , in         , humLow     , silence1   , snapNow   
[1:34] , in         , humLow     , silence1   , snapNow   
       , in         , humLow     , in         , inMouth   
[1:35] , in         , humLow     , in         , inMouth   
       , humHigh    , humLow     , in         , inMouth   
[1:36] , humHigh    , humLow     , in         , inMouth   
       , humHigh    , silence1   , in         , inMouth   
[1:37] , humHigh    , silence1   , in         , inMouth   
       , humHigh    , silence1   , out        , hold1     
[1:38] , humHigh    , silence1   , out        , hold1     
       , silence1   , silence1   , out        , outNose   
[1:39] , silence1   , silence1   , out        , outNose   
       , silence1   , silence1   , out        , outNose   
[1:40] , silence1   , silence1   , out        , outNose   
       , silence1   , silence1   , silence1   , outNose   
[1:41] , silence1   , silence1   , silence1   , outNose   
       , silence1   , snapNow    , snapNow    , in        
[1:42] , silence1   , snapNow    , snapNow    , in        
       , silence1   , snapNow    , snapNow    , in        
[1:43] , silence1   , snapNow    , snapNow    , in        
       , in         , snapNow    , in         , in        
[1:44] , in         , snapNow    , in         , in        
       , in         , snapNow    , in         , humHigh   
[1:45] , in         , snapNow    , in         , humHigh   
       , in         , in         , in         , humHigh   
[1:46] , in         , in         , in         , humHigh   
       , humLow     , in         , humHigh    , humHigh   
[1:47] , humLow     , in         , humHigh    , humHigh   
       , humLow     , in         , humHigh    , silence1  
[1:48] , humLow     , in         , humHigh    , silence1  
       , humLow     , humLow     , humHigh    , silence1  
[1:49] , humLow     , humLow     , humHigh    , silence1  
       , silence1   , humLow     , silence1   , silence1  
[1:50] , silence1   , humLow     , silence1   , silence1  
       , silence1   , humLow     , silence1   , silence1  
[1:51] , silence1   , humLow     , silence1   , silence1  
       , silence1   , silence1   , silence1   , silence1  
[1:52] , silence1   , silence1   , silence1   , silence1  
       , silence1   , silence1   , silence1   , snapNow   
[1:53] , silence1   , silence1   , silence1   , snapNow   
       , silence1   , silence1   , silence1   , snapNow   
[1:54] , silence1   , silence1   , silence1   , snapNow   
       , snapNow    , silence1   , in         , snapNow   
[1:55] , snapNow    , silence1   , in         , snapNow   
       , snapNow    , silence1   , in         , snapNow   
[1:56] , snapNow    , silence1   , in         , snapNow   
       , in         , in         , in         , in        
[1:57] , in         , in         , in         , in        
       , in         , in         , humLow     , in        
[1:58] , in         , in         , humLow     , in        
       , in         , in         , humLow     , in        
[1:59] , in         , in         , humLow     , in        
       , humLow     , humHigh    , humLow     , humLow    
[2: 0] , humLow     , humHigh    , humLow     , humLow    
       , humLow     , humHigh    , silence1   , humLow    
[2: 1] , humLow     , humHigh    , silence1   , humLow    
       , humLow     , humHigh    , silence1   , humLow    
[2: 2] , humLow     , humHigh    , silence1   , humLow    
       , silence1   , silence1   , silence1   , silence1  
[2: 3] , silence1   , silence1   , silence1   , silence1  
       , silence1   , silence1   , silence1   , silence1  
[2: 4] , silence1   , silence1   , silence1   , silence1  
       , silence1   , silence1   , silence1   , silence1  
[2: 5] , silence1   , silence1   , silence1   , silence1  
       , silence1   , silence1   , inMouth    , silence1  
[2: 6] , silence1   , silence1   , inMouth    , silence1  
       , silence1   , silence1   , inMouth    , silence1  
[2: 7] , silence1   , silence1   , inMouth    , silence1  
       , in         , inMouth    , inMouth    , inMouth   
[2: 8] , in         , inMouth    , inMouth    , inMouth   
       , in         , inMouth    , hold1      , inMouth   
[2: 9] , in         , inMouth    , hold1      , inMouth   
       , in         , inMouth    , outNose    , inMouth   
[2:10] , in         , inMouth    , outNose    , inMouth   
       , out        , hold1      , outNose    , hold1     
[2:11] , out        , hold1      , outNose    , hold1     
       , out        , outNose    , outNose    , outNose   
[2:12] , out        , outNose    , outNose    , outNose   
       , out        , outNose    , inMouth    , outNose   
[2:13] , out        , outNose    , inMouth    , outNose   
       , silence1   , outNose    , inMouth    , outNose   
[2:14] , silence1   , outNose    , inMouth    , outNose   
       , inMouth    , in         , inMouth    , in        
[2:15] , inMouth    , in         , inMouth    , in        
       , inMouth    , in         , hold1      , in        
[2:16] , inMouth    , in         , hold1      , in        
       , inMouth    , in         , outNose    , in        
[2:17] , inMouth    , in         , outNose    , in        
       , hold1      , out        , outNose    , out       
[2:18] , hold1      , out        , outNose    , out       
       , outNose    , out        , outNose    , out       
[2:19] , outNose    , out        , outNose    , out       
       , outNose    , out        , snapNow    , out       
[2:20] , outNose    , out        , snapNow    , out       
       , outNose    , silence1   , snapNow    , silence1  
[2:21] , outNose    , silence1   , snapNow    , silence1  
[2:21] , ********** , ********** , ********** , **********
       , inNose     , inNose     , inNose     , inNose    
[2:22] , inNose     , inNose     , inNose     , inNose    
       , inNose     , inNose     , inNose     , inNose    
[2:23] , inNose     , inNose     , inNose     , inNose    
       , inNose     , inNose     , inNose     , inNose    
[2:24] , inNose     , inNose     , inNose     , inNose    
       , outMouth   , outMouth   , outMouth   , outMouth  
[2:25] , outMouth   , outMouth   , outMouth   , outMouth  
       , outMouth   , outMouth   , outMouth   , outMouth  
[2:26] , outMouth   , outMouth   , outMouth   , outMouth  
       , outMouth   , outMouth   , outMouth   , outMouth  
[2:27] , outMouth   , outMouth   , outMouth   , outMouth  
       , silence1   , silence1   , silence1   , silence1  
[2:28] , silence1   , silence1   , silence1   , silence1  
       , inNose     , inNose     , inNose     , inNose    
[2:29] , inNose     , inNose     , inNose     , inNose    
       , inNose     , inNose     , inNose     , inNose    
[2:30] , inNose     , inNose     , inNose     , inNose    
       , inNose     , inNose     , inNose     , inNose    
[2:31] , inNose     , inNose     , inNose     , inNose    
       , outMouth   , outMouth   , outMouth   , outMouth  
[2:32] , outMouth   , outMouth   , outMouth   , outMouth  
       , outMouth   , outMouth   , outMouth   , outMouth  
[2:33] , outMouth   , outMouth   , outMouth   , outMouth  
       , outMouth   , outMouth   , outMouth   , outMouth  
[2:34] , outMouth   , outMouth   , outMouth   , outMouth  
       , silence1   , silence1   , silence1   , silence1  
[2:35] , silence1   , silence1   , silence1   , silence1  
       , inNose     , inNose     , inNose     , inNose    
[2:36] , inNose     , inNose     , inNose     , inNose    
       , inNose     , inNose     , inNose     , inNose    
[2:37] , inNose     , inNose     , inNose     , inNose    
       , inNose     , inNose     , inNose     , inNose    
[2:38] , inNose     , inNose     , inNose     , inNose    
       , outMouth   , outMouth   , outMouth   , outMouth  
[2:39] , outMouth   , outMouth   , outMouth   , outMouth  
       , outMouth   , outMouth   , outMouth   , outMouth  
[2:40] , outMouth   , outMouth   , outMouth   , outMouth  
       , outMouth   , outMouth   , outMouth   , outMouth  
[2:41] , outMouth   , outMouth   , outMouth   , outMouth  
       , silence1   , silence1   , silence1   , silence1  
[2:42] , silence1   , silence1   , silence1   , silence1  
       , inNose     , inNose     , inNose     , inNose    
[2:43] , inNose     , inNose     , inNose     , inNose    
       , inNose     , inNose     , inNose     , inNose    
[2:44] , inNose     , inNose     , inNose     , inNose    
       , inNose     , inNose     , inNose     , inNose    
[2:45] , inNose     , inNose     , inNose     , inNose    
       , outMouth   , outMouth   , outMouth   , outMouth  
[2:46] , outMouth   , outMouth   , outMouth   , outMouth  
       , outMouth   , outMouth   , outMouth   , outMouth  
[2:47] , outMouth   , outMouth   , outMouth   , outMouth  
       , outMouth   , outMouth   , outMouth   , outMouth  
[2:48] , outMouth   , outMouth   , outMouth   , outMouth  
       , silence1   , silence1   , silence1   , silence1  
[2:49] , silence1   , silence1   , silence1   , silence1  
       , inNose     , inNose     , inNose     , inNose    
[2:50] , inNose     , inNose     , inNose     , inNose    
       , inNose     , inNose     , inNose     , inNose    
[2:51] , inNose     , inNose     , inNose     , inNose    
       , inNose     , inNose     , inNose     , inNose    
[2:52] , inNose     , inNose     , inNose     , inNose    
       , outMouth   , outMouth   , outMouth   , outMouth  
[2:53] , outMouth   , outMouth   , outMouth   , outMouth  
       , outMouth   , outMouth   , outMouth   , outMouth  
[2:54] , outMouth   , outMouth   , outMouth   , outMouth  
       , outMouth   , outMouth   , outMouth   , outMouth  
[2:55] , outMouth   , outMouth   , outMouth   , outMouth  
       , silence1   , silence1   , silence1   , silence1  
[2:56] , silence1   , silence1   , silence1   , silence1  
       , inNose     , inNose     , inNose     , inNose    
[2:57] , inNose     , inNose     , inNose     , inNose    
       , inNose     , inNose     , inNose     , inNose    
[2:58] , inNose     , inNose     , inNose     , inNose    
       , inNose     , inNose     , inNose     , inNose    
[2:59] , inNose     , inNose     , inNose     , inNose    
       , outMouth   , outMouth   , outMouth   , outMouth  
[3: 0] , outMouth   , outMouth   , outMouth   , outMouth  
       , outMouth   , outMouth   , outMouth   , outMouth  
[3: 1] , outMouth   , outMouth   , outMouth   , outMouth  
       , outMouth   , outMouth   , outMouth   , outMouth  
[3: 2] , outMouth   , outMouth   , outMouth   , outMouth  
       , silence1   , silence1   , silence1   , silence1  
[3: 3] , silence1   , silence1   , silence1   , silence1  
[3: 3] , ********** , ********** , ********** , **********
       , in         , in         , in         , in        
[3: 4] , in         , in         , in         , in        
       , in         , in         , in         , in        
[3: 5] , in         , in         , in         , in        
       , in         , in         , in         , in        
[3: 6] , in         , in         , in         , in        
       , out        , out        , out        , out       
[3: 7] , out        , out        , out        , out       
       , out        , out        , out        , out       
[3: 8] , out        , out        , out        , out       
       , out        , out        , out        , out       
[3: 9] , out        , out        , out        , out       
       , silence1   , silence5   , silence1   , silence1  
[3:10] , silence1   , in         , silence1   , silence1  
       , in         , in         , in         , in        
[3:11] , in         , in         , in         , in        
       , in         , in         , in         , in        
[3:12] , in         , in         , in         , in        
       , in         , in         , in         , in        
[3:13] , in         , out        , in         , in        
       , out        , out        , out        , out       
[3:14] , out        , out        , out        , out       
       , out        , out        , out        , out       
[3:15] , out        , out        , out        , out       
       , out        , out        , out        , out       
[3:16] , out        , silence5   , out        , out       
       , in         , in         , silence1   , in        
[3:17] , in         , in         , silence1   , in        
       , in         , in         , in         , in        
[3:18] , in         , in         , in         , in        
       , in         , in         , in         , in        
[3:19] , in         , in         , in         , in        
       , out        , out        , in         , out       
[3:20] , out        , out        , in         , out       
       , out        , out        , out        , out       
[3:21] , out        , out        , out        , out       
       , out        , out        , out        , out       
[3:22] , out        , out        , out        , out       
       , in         , silence5   , out        , in        
[3:23] , in         , in         , out        , in        
       , in         , in         , silence1   , in        
[3:24] , in         , in         , silence1   , in        
       , in         , in         , in         , in        
[3:25] , in         , in         , in         , in        
       , out        , in         , in         , out       
[3:26] , out        , out        , in         , out       
       , out        , out        , in         , out       
[3:27] , out        , out        , in         , out       
       , out        , out        , out        , out       
[3:28] , out        , out        , out        , out       
       , silence1   , out        , out        , silence1  
[3:29] , silence1   , silence5   , out        , silence1  
       , in         , in         , out        , in        
[3:30] , in         , in         , out        , in        
       , in         , in         , silence1   , in        
[3:31] , in         , in         , silence1   , in        
       , in         , in         , in         , in        
[3:32] , in         , in         , in         , in        
       , singLow    , out        , in         , out       
[3:33] , singLow    , out        , in         , out       
       , singLow    , out        , in         , out       
[3:34] , singLow    , out        , in         , out       
       , singLow    , out        , out        , out       
[3:35] , singLow    , out        , out        , out       
       , silence1   , silence5   , out        , silence1  
[3:36] , silence1   , in         , out        , silence1  
       , silence1   , in         , out        , in        
[3:37] , silence1   , in         , out        , in        
       , silence1   , in         , silence1   , in        
[3:38] , silence1   , in         , silence1   , in        
       , silence1   , in         , in         , in        
[3:39] , silence1   , out        , in         , in        
       , silence1   , out        , in         , singHigh  
[3:40] , silence1   , out        , in         , singHigh  
       , in         , out        , in         , singHigh  
[3:41] , in         , out        , in         , singHigh  
       , in         , out        , out        , singHigh  
[3:42] , in         , silence5   , out        , singHigh  
       , in         , in         , out        , silence1  
[3:43] , in         , in         , out        , silence1  
       , out        , in         , out        , silence1  
[3:44] , out        , in         , out        , silence1  
       , out        , in         , silence1   , silence1  
[3:45] , out        , in         , silence1   , silence1  
       , out        , out        , in         , silence1  
[3:46] , out        , out        , in         , silence1  
       , silence1   , out        , in         , silence1  
[3:47] , silence1   , out        , in         , silence1  
       , in         , out        , in         , in        
[3:48] , in         , out        , in         , in        
       , in         , silence5   , out        , in        
[3:49] , in         , in         , out        , in        
       , in         , in         , out        , in        
[3:50] , in         , in         , out        , in        
       , singHigh   , in         , out        , out       
[3:51] , singHigh   , in         , out        , out       
       , singHigh   , in         , silence1   , out       
[3:52] , singHigh   , out        , silence1   , out       
       , singHigh   , out        , in         , out       
[3:53] , singHigh   , out        , in         , out       
       , silence1   , out        , in         , in        
[3:54] , silence1   , out        , in         , in        
       , silence1   , out        , in         , in        
[3:55] , silence1   , silence5   , in         , in        
       , silence1   , in         , out        , in        
[3:56] , silence1   , in         , out        , in        
       , silence1   , in         , out        , out       
[3:57] , silence1   , in         , out        , out       
       , silence1   , in         , out        , out       
[3:58] , silence1   , in         , out        , out       
       , in         , out        , silence1   , out       
[3:59] , in         , out        , silence1   , out       
       , in         , out        , in         , silence1  
[4: 0] , in         , out        , in         , silence1  
       , in         , out        , in         , in        
[4: 1] , in         , out        , in         , in        
       , out        , silence5   , in         , in        
[4: 2] , out        , in         , in         , in        
       , out        , in         , out        , in        
[4: 3] , out        , in         , out        , in        
       , out        , in         , out        , out       
[4: 4] , out        , in         , out        , out       
       , silence1   , in         , out        , out       
[4: 5] , silence1   , out        , out        , out       
       , in         , out        , silence1   , out       
[4: 6] , in         , out        , silence1   , out       
       , in         , out        , in         , silence1  
[4: 7] , in         , out        , in         , silence1  
       , in         , out        , in         , in        
[4: 8] , in         , silence5   , in         , in        
       , out        , in         , in         , in        
[4: 9] , out        , in         , in         , in        
       , out        , in         , out        , in        
[4:10] , out        , in         , out        , in        
       , out        , in         , out        , out       
[4:11] , out        , in         , out        , out       
       , silence1   , out        , out        , out       
[4:12] , silence1   , out        , out        , out       
       , in         , out        , silence1   , out       
[4:13] , in         , out        , silence1   , out       
       , in         , out        , in         , in        
[4:14] , in         , out        , in         , in        
       , in         , silence5   , in         , in        
[4:15] , in         , in         , in         , in        
       , out        , in         , in         , in        
[4:16] , out        , in         , in         , in        
       , out        , in         , out        , out       
[4:17] , out        , in         , out        , out       
       , out        , in         , out        , out       
[4:18] , out        , out        , out        , out       
       , in         , out        , out        , out       
[4:19] , in         , out        , out        , out       
       , in         , out        , silence1   , silence1  
[4:20] , in         , out        , silence1   , silence1  
       , in         , out        , in         , in        
[4:21] , in         , silence5   , in         , in        
       , out        , in         , in         , in        
[4:22] , out        , in         , in         , in        
       , out        , in         , in         , in        
[4:23] , out        , in         , in         , in        
       , out        , in         , out        , singLow   
[4:24] , out        , in         , out        , singLow   
       , in         , out        , out        , singLow   
[4:25] , in         , out        , out        , singLow   
       , in         , out        , out        , singLow   
[4:26] , in         , out        , out        , singLow   
       , in         , out        , silence1   , silence1  
[4:27] , in         , out        , silence1   , silence1  
       , out        , silence5   , in         , silence1  
[4:28] , out        , in         , in         , silence1  
       , out        , in         , in         , silence1  
[4:29] , out        , in         , in         , silence1  
       , out        , in         , in         , silence1  
[4:30] , out        , in         , in         , silence1  
       , silence1   , in         , out        , silence1  
[4:31] , silence1   , out        , out        , silence1  
       , clapIntro  , out        , out        , clapIntro 
[4:32] , clapIntro  , out        , out        , clapIntro 
       , clapIntro  , out        , out        , clapIntro 
[4:33] , clapIntro  , out        , out        , clapIntro 
       , clapNow    , out        , silence1   , clapNow   
[4:34] , clapNow    , silence5   , silence1   , clapNow   
       , clapNow    , in         , in         , clapNow   
[4:35] , clapNow    , in         , in         , clapNow   
       , in         , in         , in         , in        
[4:36] , in         , in         , in         , in        
       , in         , in         , in         , in        
[4:37] , in         , in         , in         , in        
       , in         , clapIntro  , clapIntro  , in        
[4:38] , in         , clapIntro  , clapIntro  , in        
       , hold1      , clapIntro  , clapIntro  , hold1     
[4:39] , hold1      , clapIntro  , clapIntro  , hold1     
       , out        , out        , out        , out       
[4:40] , out        , out        , out        , out       
       , out        , out        , out        , out       
[4:41] , out        , out        , out        , out       
       , out        , out        , out        , out       
[4:42] , out        , out        , out        , out       
[4:42] , ********** , ********** , ********** , **********
       , jchill     , jchill     , inMouth    , jchill    
[4:43] , jchill     , jchill     , inMouth    , jchill    
       , jchill     , jchill     , inMouth    , jchill    
[4:44] , jchill     , jchill     , inMouth    , jchill    
       , jchill     , jchill     , inMouth    , jchill    
[4:45] , jchill     , jchill     , inMouth    , jchill    
       , jchill     , jchill     , outMouth   , jchill    
[4:46] , jchill     , jchill     , outMouth   , jchill    
       , silence1   , silence1   , outMouth   , silence1  
[4:47] , silence1   , silence1   , outMouth   , silence1  
       , silence1   , silence1   , outMouth   , silence1  
[4:48] , silence1   , silence1   , outMouth   , silence1  
       , silence1   , silence1   , inNose     , silence1  
[4:49] , silence1   , silence1   , inNose     , silence1  
       , silence1   , silence1   , inNose     , silence1  
[4:50] , silence1   , silence1   , inNose     , silence1  
       , silence1   , silence1   , inNose     , silence1  
[4:51] , silence1   , silence1   , inNose     , silence1  
       , silence1   , silence1   , outMouth   , silence1  
[4:52] , silence1   , silence1   , outMouth   , silence1  
       , silence1   , silence1   , outMouth   , silence1  
[4:53] , silence1   , silence1   , outMouth   , silence1  
       , silence1   , silence1   , outMouth   , silence1  
[4:54] , silence1   , silence1   , outMouth   , silence1  
       , inMouth    , silence1   , inNose     , silence1  
[4:55] , inMouth    , silence1   , inNose     , silence1  
       , inMouth    , silence1   , inNose     , silence1  
[4:56] , inMouth    , silence1   , inNose     , silence1  
       , inMouth    , silence1   , inNose     , silence1  
[4:57] , inMouth    , silence1   , inNose     , silence1  
       , outMouth   , silence1   , outMouth   , silence1  
[4:58] , outMouth   , silence1   , outMouth   , silence1  
       , outMouth   , silence1   , outMouth   , silence1  
[4:59] , outMouth   , silence1   , outMouth   , silence1  
       , outMouth   , silence1   , outMouth   , silence1  
[5: 0] , outMouth   , silence1   , outMouth   , silence1  
       , inNose     , silence1   , inNose     , inMouth   
[5: 1] , inNose     , silence1   , inNose     , inMouth   
       , inNose     , silence1   , inNose     , inMouth   
[5: 2] , inNose     , silence1   , inNose     , inMouth   
       , inNose     , silence1   , inNose     , inMouth   
[5: 3] , inNose     , silence1   , inNose     , inMouth   
       , outMouth   , silence1   , outMouth   , outMouth  
[5: 4] , outMouth   , silence1   , outMouth   , outMouth  
       , outMouth   , silence1   , outMouth   , outMouth  
[5: 5] , outMouth   , silence1   , outMouth   , outMouth  
       , outMouth   , silence1   , outMouth   , outMouth  
[5: 6] , outMouth   , silence1   , outMouth   , outMouth  
       , inNose     , silence1   , inNose     , inNose    
[5: 7] , inNose     , silence1   , inNose     , inNose    
       , inNose     , silence1   , inNose     , inNose    
[5: 8] , inNose     , silence1   , inNose     , inNose    
       , inNose     , silence1   , inNose     , inNose    
[5: 9] , inNose     , silence1   , inNose     , inNose    
       , outMouth   , silence1   , outMouth   , outMouth  
[5:10] , outMouth   , silence1   , outMouth   , outMouth  
       , outMouth   , silence1   , outMouth   , outMouth  
[5:11] , outMouth   , silence1   , outMouth   , outMouth  
       , outMouth   , silence1   , outMouth   , outMouth  
[5:12] , outMouth   , silence1   , outMouth   , outMouth  
       , inNose     , inMouth    , inNose     , inNose    
[5:13] , inNose     , inMouth    , inNose     , inNose    
       , inNose     , inMouth    , inNose     , inNose    
[5:14] , inNose     , inMouth    , inNose     , inNose    
       , inNose     , inMouth    , inNose     , inNose    
[5:15] , inNose     , inMouth    , inNose     , inNose    
       , outMouth   , outMouth   , outMouth   , outMouth  
[5:16] , outMouth   , outMouth   , outMouth   , outMouth  
       , outMouth   , outMouth   , outMouth   , outMouth  
[5:17] , outMouth   , outMouth   , outMouth   , outMouth  
       , outMouth   , outMouth   , outMouth   , outMouth  
[5:18] , outMouth   , outMouth   , outMouth   , outMouth  
       , inNose     , inNose     , inNose     , inNose    
[5:19] , inNose     , inNose     , inNose     , inNose    
       , inNose     , inNose     , inNose     , inNose    
[5:20] , inNose     , inNose     , inNose     , inNose    
       , inNose     , inNose     , inNose     , inNose    
[5:21] , inNose     , inNose     , inNose     , inNose    
       , outMouth   , outMouth   , outMouth   , outMouth  
[5:22] , outMouth   , outMouth   , outMouth   , outMouth  
       , outMouth   , outMouth   , outMouth   , outMouth  
[5:23] , outMouth   , outMouth   , outMouth   , outMouth  
       , outMouth   , outMouth   , outMouth   , outMouth  
[5:24] , outMouth   , outMouth   , outMouth   , outMouth  
       , inNose     , inNose     , inNose     , inNose    
[5:25] , inNose     , inNose     , inNose     , inNose    
       , inNose     , inNose     , inNose     , inNose    
[5:26] , inNose     , inNose     , inNose     , inNose    
       , inNose     , inNose     , inNose     , inNose    
[5:27] , inNose     , inNose     , inNose     , inNose    
       , outMouth   , outMouth   , outMouth   , outMouth  
[5:28] , outMouth   , outMouth   , outMouth   , outMouth  
       , outMouth   , outMouth   , outMouth   , outMouth  
[5:29] , outMouth   , outMouth   , outMouth   , outMouth  
       , outMouth   , outMouth   , outMouth   , outMouth  
[5:30] , outMouth   , outMouth   , outMouth   , outMouth  
[5:30] , ********** , ********** , ********** , **********
       , in         , inMouth    , clapNow    , inMouth   
[5:31] , in         , inMouth    , clapNow    , inMouth   
       , in         , inMouth    , clapNow    , inMouth   
[5:32] , in         , inMouth    , clapNow    , inMouth   
       , in         , inMouth    , clapNow    , inMouth   
[5:33] , in         , inMouth    , clapNow    , inMouth   
       , humLow     , hold1      , clapNow    , hold1     
[5:34] , humLow     , hold1      , clapNow    , hold1     
       , humLow     , outNose    , in         , outNose   
[5:35] , humLow     , outNose    , in         , outNose   
       , humLow     , outNose    , in         , outNose   
[5:36] , humLow     , outNose    , in         , outNose   
       , silence1   , outNose    , in         , outNose   
[5:37] , silence1   , outNose    , in         , outNose   
       , silence1   , in         , humHigh    , in        
[5:38] , silence1   , in         , humHigh    , in        
       , silence1   , in         , humHigh    , in        
[5:39] , silence1   , in         , humHigh    , in        
       , silence1   , in         , humHigh    , in        
[5:40] , silence1   , in         , humHigh    , in        
       , silence1   , humHigh    , silence1   , humLow    
[5:41] , silence1   , humHigh    , silence1   , humLow    
       , clapNow    , humHigh    , silence1   , humLow    
[5:42] , clapNow    , humHigh    , silence1   , humLow    
       , clapNow    , humHigh    , silence1   , humLow    
[5:43] , clapNow    , humHigh    , silence1   , humLow    
       , clapNow    , silence1   , silence1   , silence1  
[5:44] , clapNow    , silence1   , silence1   , silence1  
       , clapNow    , silence1   , silence1   , silence1  
[5:45] , clapNow    , silence1   , silence1   , silence1  
       , in         , silence1   , clapNow    , silence1  
[5:46] , in         , silence1   , clapNow    , silence1  
       , in         , silence1   , clapNow    , silence1  
[5:47] , in         , silence1   , clapNow    , silence1  
       , in         , silence1   , in         , silence1  
[5:48] , in         , silence1   , in         , silence1  
       , humHigh    , inMouth    , in         , inMouth   
[5:49] , humHigh    , inMouth    , in         , inMouth   
       , humHigh    , inMouth    , in         , inMouth   
[5:50] , humHigh    , inMouth    , in         , inMouth   
       , humHigh    , inMouth    , out        , inMouth   
[5:51] , humHigh    , inMouth    , out        , inMouth   
       , silence1   , hold1      , out        , hold1     
[5:52] , silence1   , hold1      , out        , hold1     
       , silence1   , outNose    , out        , outNose   
[5:53] , silence1   , outNose    , out        , outNose   
       , silence1   , outNose    , silence1   , outNose   
[5:54] , silence1   , outNose    , silence1   , outNose   
       , silence1   , outNose    , in         , outNose   
[5:55] , silence1   , outNose    , in         , outNose   
       , silence1   , in         , in         , in        
[5:56] , silence1   , in         , in         , in        
       , in         , in         , in         , in        
[5:57] , in         , in         , in         , in        
       , in         , in         , humLow     , in        
[5:58] , in         , in         , humLow     , in        
       , in         , humLow     , humLow     , humLow    
[5:59] , in         , humLow     , humLow     , humLow    
       , out        , humLow     , humLow     , humLow    
[6: 0] , out        , humLow     , humLow     , humLow    
       , out        , humLow     , silence1   , humLow    
[6: 1] , out        , humLow     , silence1   , humLow    
       , out        , silence1   , silence1   , silence1  
[6: 2] , out        , silence1   , silence1   , silence1  
       , silence1   , silence1   , silence1   , silence1  
[6: 3] , silence1   , silence1   , silence1   , silence1  
       , inMouth    , silence1   , silence1   , silence1  
[6: 4] , inMouth    , silence1   , silence1   , silence1  
       , inMouth    , silence1   , silence1   , silence1  
[6: 5] , inMouth    , silence1   , silence1   , silence1  
       , inMouth    , silence1   , in         , silence1  
[6: 6] , inMouth    , silence1   , in         , silence1  
       , hold1      , clapNow    , in         , in        
[6: 7] , hold1      , clapNow    , in         , in        
       , outNose    , clapNow    , in         , in        
[6: 8] , outNose    , clapNow    , in         , in        
       , outNose    , clapNow    , out        , in        
[6: 9] , outNose    , clapNow    , out        , in        
       , outNose    , clapNow    , out        , humHigh   
[6:10] , outNose    , clapNow    , out        , humHigh   
       , inMouth    , clapNow    , out        , humHigh   
[6:11] , inMouth    , clapNow    , out        , humHigh   
       , inMouth    , clapNow    , silence1   , humHigh   
[6:12] , inMouth    , clapNow    , silence1   , humHigh   
       , inMouth    , clapNow    , in         , silence1  
[6:13] , inMouth    , clapNow    , in         , silence1  
       , hold1      , clapNow    , in         , silence1  
[6:14] , hold1      , clapNow    , in         , silence1  
       , outNose    , in         , in         , silence1  
[6:15] , outNose    , in         , in         , silence1  
       , outNose    , in         , humHigh    , silence1  
[6:16] , outNose    , in         , humHigh    , silence1  
       , outNose    , in         , humHigh    , silence1  
[6:17] , outNose    , in         , humHigh    , silence1  
       , clapNow    , humHigh    , humHigh    , clapNow   
[6:18] , clapNow    , humHigh    , humHigh    , clapNow   
       , clapNow    , humHigh    , silence1   , clapNow   
[6:19] , clapNow    , humHigh    , silence1   , clapNow   
       , in         , humHigh    , silence1   , clapNow   
[6:20] , in         , humHigh    , silence1   , clapNow   
       , in         , silence1   , silence1   , clapNow   
[6:21] , in         , silence1   , silence1   , clapNow   
       , in         , silence1   , silence1   , in        
[6:22] , in         , silence1   , silence1   , in        
       , humLow     , silence1   , silence1   , in        
[6:23] , humLow     , silence1   , silence1   , in        
       , humLow     , silence1   , clapNow    , in        
[6:24] , humLow     , silence1   , clapNow    , in        
       , humLow     , silence1   , clapNow    , out       
[6:25] , humLow     , silence1   , clapNow    , out       
       , silence1   , in         , inMouth    , out       
[6:26] , silence1   , in         , inMouth    , out       
       , silence1   , in         , inMouth    , out       
[6:27] , silence1   , in         , inMouth    , out       
       , silence1   , in         , inMouth    , silence1  
[6:28] , silence1   , in         , inMouth    , silence1  
       , silence1   , out        , hold1      , clapNow   
[6:29] , silence1   , out        , hold1      , clapNow   
       , silence1   , out        , outNose    , clapNow   
[6:30] , silence1   , out        , outNose    , clapNow   
       , clapNow    , out        , outNose    , in        
[6:31] , clapNow    , out        , outNose    , in        
       , clapNow    , silence1   , outNose    , in        
[6:32] , clapNow    , silence1   , outNose    , in        
       , in         , in         , inMouth    , in        
[6:33] , in         , in         , inMouth    , in        
       , in         , in         , inMouth    , out       
[6:34] , in         , in         , inMouth    , out       
       , in         , in         , inMouth    , out       
[6:35] , in         , in         , inMouth    , out       
       , humHigh    , humLow     , hold1      , out       
[6:36] , humHigh    , humLow     , hold1      , out       
       , humHigh    , humLow     , outNose    , silence1  
[6:37] , humHigh    , humLow     , outNose    , silence1  
       , humHigh    , humLow     , outNose    , in        
[6:38] , humHigh    , humLow     , outNose    , in        
       , silence1   , silence1   , outNose    , in        
[6:39] , silence1   , silence1   , outNose    , in        
       , silence1   , silence1   , in         , in        
[6:40] , silence1   , silence1   , in         , in        
       , silence1   , silence1   , in         , humHigh   
[6:41] , silence1   , silence1   , in         , humHigh   
       , silence1   , silence1   , in         , humHigh   
[6:42] , silence1   , silence1   , in         , humHigh   
       , silence1   , silence1   , humLow     , humHigh   
[6:43] , silence1   , silence1   , humLow     , humHigh   
       , in         , in         , humLow     , silence1  
[6:44] , in         , in         , humLow     , silence1  
       , in         , in         , humLow     , silence1  
[6:45] , in         , in         , humLow     , silence1  
       , in         , in         , silence1   , silence1  
[6:46] , in         , in         , silence1   , silence1  
       , out        , out        , silence1   , silence1  
[6:47] , out        , out        , silence1   , silence1  
       , out        , out        , silence1   , silence1  
[6:48] , out        , out        , silence1   , silence1  
       , out        , out        , silence1   , clapNow   
[6:49] , out        , out        , silence1   , clapNow   
       , silence1   , silence1   , silence1   , clapNow   
[6:50] , silence1   , silence1   , silence1   , clapNow   
[6:50] , ********** , ********** , ********** , **********
       , inNose     , inNose     , inNose     , inNose    
[6:51] , inNose     , inNose     , inNose     , inNose    
       , inNose     , inNose     , inNose     , inNose    
[6:52] , inNose     , inNose     , inNose     , inNose    
       , inNose     , inNose     , inNose     , inNose    
[6:53] , inNose     , inNose     , inNose     , inNose    
       , outMouth   , outMouth   , outMouth   , outMouth  
[6:54] , outMouth   , outMouth   , outMouth   , outMouth  
       , outMouth   , outMouth   , outMouth   , outMouth  
[6:55] , outMouth   , outMouth   , outMouth   , outMouth  
       , outMouth   , outMouth   , outMouth   , outMouth  
[6:56] , outMouth   , outMouth   , outMouth   , outMouth  
       , silence1   , silence1   , silence1   , silence1  
[6:57] , silence1   , silence1   , silence1   , silence1  
       , inNose     , inNose     , inNose     , inNose    
[6:58] , inNose     , inNose     , inNose     , inNose    
       , inNose     , inNose     , inNose     , inNose    
[6:59] , inNose     , inNose     , inNose     , inNose    
       , inNose     , inNose     , inNose     , inNose    
[7: 0] , inNose     , inNose     , inNose     , inNose    
       , outMouth   , outMouth   , outMouth   , outMouth  
[7: 1] , outMouth   , outMouth   , outMouth   , outMouth  
       , outMouth   , outMouth   , outMouth   , outMouth  
[7: 2] , outMouth   , outMouth   , outMouth   , outMouth  
       , outMouth   , outMouth   , outMouth   , outMouth  
[7: 3] , outMouth   , outMouth   , outMouth   , outMouth  
       , silence1   , silence1   , silence1   , silence1  
[7: 4] , silence1   , silence1   , silence1   , silence1  
       , inNose     , inNose     , inNose     , inNose    
[7: 5] , inNose     , inNose     , inNose     , inNose    
       , inNose     , inNose     , inNose     , inNose    
[7: 6] , inNose     , inNose     , inNose     , inNose    
       , inNose     , inNose     , inNose     , inNose    
[7: 7] , inNose     , inNose     , inNose     , inNose    
       , outMouth   , outMouth   , outMouth   , outMouth  
[7: 8] , outMouth   , outMouth   , outMouth   , outMouth  
       , outMouth   , outMouth   , outMouth   , outMouth  
[7: 9] , outMouth   , outMouth   , outMouth   , outMouth  
       , outMouth   , outMouth   , outMouth   , outMouth  
[7:10] , outMouth   , outMouth   , outMouth   , outMouth  
       , silence1   , silence1   , silence1   , silence1  
[7:11] , silence1   , silence1   , silence1   , silence1  
[7:11] , ********** , ********** , ********** , **********
       , in         , snapNow    , clapNow    , in        
[7:12] , in         , snapNow    , clapNow    , in        
       , in         , snapNow    , clapNow    , in        
[7:13] , in         , snapNow    , clapNow    , in        
       , in         , in         , in         , in        
[7:14] , in         , in         , in         , in        
       , out        , in         , in         , out       
[7:15] , out        , in         , in         , out       
       , out        , in         , in         , out       
[7:16] , out        , in         , in         , out       
       , out        , out        , out        , out       
[7:17] , out        , out        , out        , out       
       , silence1   , out        , out        , silence1  
[7:18] , silence1   , out        , out        , silence1  
       , in         , out        , out        , in        
[7:19] , in         , out        , out        , in        
       , in         , clapNow    , silence1   , in        
[7:20] , in         , clapNow    , silence1   , in        
       , in         , clapNow    , clapNow    , in        
[7:21] , in         , clapNow    , clapNow    , in        
       , clapNow    , snapNow    , clapNow    , out       
[7:22] , clapNow    , snapNow    , clapNow    , out       
       , clapNow    , snapNow    , clapNow    , out       
[7:23] , clapNow    , snapNow    , clapNow    , out       
       , snapNow    , silence1   , clapNow    , out       
[7:24] , snapNow    , silence1   , clapNow    , out       
       , snapNow    , clapNow    , in         , silence1  
[7:25] , snapNow    , clapNow    , in         , silence1  
       , out        , clapNow    , in         , in        
[7:26] , out        , clapNow    , in         , in        
       , out        , in         , in         , in        
[7:27] , out        , in         , in         , in        
       , out        , in         , out        , in        
[7:28] , out        , in         , out        , in        
       , snapNow    , in         , out        , out       
[7:29] , snapNow    , in         , out        , out       
       , snapNow    , out        , out        , out       
[7:30] , snapNow    , out        , out        , out       
       , silence1   , out        , silence1   , out       
[7:31] , silence1   , out        , silence1   , out       
       , in         , out        , in         , snapNow   
[7:32] , in         , out        , in         , snapNow   
       , in         , silence1   , in         , snapNow   
[7:33] , in         , silence1   , in         , snapNow   
       , in         , snapNow    , in         , snapNow   
[7:34] , in         , snapNow    , in         , snapNow   
       , out        , snapNow    , out        , snapNow   
[7:35] , out        , snapNow    , out        , snapNow   
       , out        , in         , out        , silence1  
[7:36] , out        , in         , out        , silence1  
       , out        , in         , out        , clapNow   
[7:37] , out        , in         , out        , clapNow   
       , silence1   , in         , silence1   , clapNow   
[7:38] , silence1   , in         , silence1   , clapNow   
       , clapNow    , out        , in         , clapNow   
[7:39] , clapNow    , out        , in         , clapNow   
       , clapNow    , out        , in         , clapNow   
[7:40] , clapNow    , out        , in         , clapNow   
       , snapNow    , out        , in         , clapNow   
[7:41] , snapNow    , out        , in         , clapNow   
       , snapNow    , clapNow    , out        , clapNow   
[7:42] , snapNow    , clapNow    , out        , clapNow   
       , clapNow    , clapNow    , out        , in        
[7:43] , clapNow    , clapNow    , out        , in        
       , clapNow    , silence1   , out        , in        
[7:44] , clapNow    , silence1   , out        , in        
       , in         , in         , snapNow    , in        
[7:45] , in         , in         , snapNow    , in        
       , in         , in         , snapNow    , snapNow   
[7:46] , in         , in         , snapNow    , snapNow   
       , in         , in         , snapNow    , snapNow   
[7:47] , in         , in         , snapNow    , snapNow   
       , out        , out        , snapNow    , out       
[7:48] , out        , out        , snapNow    , out       
       , out        , out        , snapNow    , out       
[7:49] , out        , out        , snapNow    , out       
       , out        , out        , snapNow    , out       
[7:50] , out        , out        , snapNow    , out       
       , silence1   , silence1   , silence1   , silence1  
[7:51] , silence1   , silence1   , silence1   , silence1  
[7:51] , ********** , ********** , ********** , **********
       , inNose     , inNose     , inNose     , inNose    
[7:52] , inNose     , inNose     , inNose     , inNose    
       , inNose     , inNose     , inNose     , inNose    
[7:53] , inNose     , inNose     , inNose     , inNose    
       , inNose     , inNose     , inNose     , inNose    
[7:54] , inNose     , inNose     , inNose     , inNose    
       , outMouth   , outMouth   , outMouth   , outMouth  
[7:55] , outMouth   , outMouth   , outMouth   , outMouth  
       , outMouth   , outMouth   , outMouth   , outMouth  
[7:56] , outMouth   , outMouth   , outMouth   , outMouth  
       , outMouth   , outMouth   , outMouth   , outMouth  
[7:57] , outMouth   , outMouth   , outMouth   , outMouth  
       , silence1   , silence1   , silence1   , silence1  
[7:58] , silence1   , silence1   , silence1   , silence1  
       , inNose     , inNose     , inNose     , inNose    
[7:59] , inNose     , inNose     , inNose     , inNose    
       , inNose     , inNose     , inNose     , inNose    
[8: 0] , inNose     , inNose     , inNose     , inNose    
       , inNose     , inNose     , inNose     , inNose    
[8: 1] , inNose     , inNose     , inNose     , inNose    
       , outMouth   , outMouth   , outMouth   , outMouth  
[8: 2] , outMouth   , outMouth   , outMouth   , outMouth  
       , outMouth   , outMouth   , outMouth   , outMouth  
[8: 3] , outMouth   , outMouth   , outMouth   , outMouth  
       , outMouth   , outMouth   , outMouth   , outMouth  
[8: 4] , outMouth   , outMouth   , outMouth   , outMouth  
       , silence1   , silence1   , silence1   , silence1  
[8: 5] , silence1   , silence1   , silence1   , silence1  
       , inNose     , inNose     , inNose     , inNose    
[8: 6] , inNose     , inNose     , inNose     , inNose    
       , inNose     , inNose     , inNose     , inNose    
[8: 7] , inNose     , inNose     , inNose     , inNose    
       , inNose     , inNose     , inNose     , inNose    
[8: 8] , inNose     , inNose     , inNose     , inNose    
       , outMouth   , outMouth   , outMouth   , outMouth  
[8: 9] , outMouth   , outMouth   , outMouth   , outMouth  
       , outMouth   , outMouth   , outMouth   , outMouth  
[8:10] , outMouth   , outMouth   , outMouth   , outMouth  
       , outMouth   , outMouth   , outMouth   , outMouth  
[8:11] , outMouth   , outMouth   , outMouth   , outMouth  
       , silence1   , silence1   , silence1   , silence1  
[8:12] , silence1   , silence1   , silence1   , silence1  
       , inNose     , inNose     , inNose     , inNose    
[8:13] , inNose     , inNose     , inNose     , inNose    
       , inNose     , inNose     , inNose     , inNose    
[8:14] , inNose     , inNose     , inNose     , inNose    
       , inNose     , inNose     , inNose     , inNose    
[8:15] , inNose     , inNose     , inNose     , inNose    
       , outMouth   , outMouth   , outMouth   , outMouth  
[8:16] , outMouth   , outMouth   , outMouth   , outMouth  
       , outMouth   , outMouth   , outMouth   , outMouth  
[8:17] , outMouth   , outMouth   , outMouth   , outMouth  
       , outMouth   , outMouth   , outMouth   , outMouth  
[8:18] , outMouth   , outMouth   , outMouth   , outMouth  
       , silence1   , silence1   , silence1   , silence1  
[8:19] , silence1   , silence1   , silence1   , silence1  
       , inNose     , inNose     , inNose     , inNose    
[8:20] , inNose     , inNose     , inNose     , inNose    
       , inNose     , inNose     , inNose     , inNose    
[8:21] , inNose     , inNose     , inNose     , inNose    
       , inNose     , inNose     , inNose     , inNose    
[8:22] , inNose     , inNose     , inNose     , inNose    
       , outMouth   , outMouth   , outMouth   , outMouth  
[8:23] , outMouth   , outMouth   , outMouth   , outMouth  
       , outMouth   , outMouth   , outMouth   , outMouth  
[8:24] , outMouth   , outMouth   , outMouth   , outMouth  
       , outMouth   , outMouth   , outMouth   , outMouth  
[8:25] , outMouth   , outMouth   , outMouth   , outMouth  
       , silence1   , silence1   , silence1   , silence1  
[8:26] , silence1   , silence1   , silence1   , silence1  
[8:26] , ********** , ********** , ********** , **********
       , in         , in         , in         , in        
[8:27] , in         , in         , in         , in        
       , in         , in         , in         , in        
[8:28] , in         , in         , in         , in        
       , in         , in         , in         , in        
[8:29] , in         , in         , in         , in        
       , out        , humHigh    , out        , out       
[8:30] , out        , humHigh    , out        , out       
       , out        , humHigh    , out        , out       
[8:31] , out        , humHigh    , out        , out       
       , out        , humHigh    , out        , out       
[8:32] , out        , humHigh    , out        , out       
       , silence1   , silence1   , silence5   , silence1  
[8:33] , silence1   , silence1   , in         , silence1  
       , in         , silence1   , in         , in        
[8:34] , in         , silence1   , in         , in        
       , in         , silence1   , in         , in        
[8:35] , in         , silence1   , in         , in        
       , in         , silence1   , in         , in        
[8:36] , in         , silence1   , out        , in        
       , out        , silence1   , out        , out       
[8:37] , out        , silence1   , out        , out       
       , out        , in         , out        , out       
[8:38] , out        , in         , out        , out       
       , out        , in         , out        , out       
[8:39] , out        , in         , silence5   , out       
       , silence1   , in         , in         , silence1  
[8:40] , silence1   , in         , in         , silence1  
       , in         , out        , in         , in        
[8:41] , in         , out        , in         , in        
       , in         , out        , in         , in        
[8:42] , in         , out        , in         , in        
       , in         , out        , out        , in        
[8:43] , in         , out        , out        , in        
       , out        , in         , out        , out       
[8:44] , out        , in         , out        , out       
       , out        , in         , out        , out       
[8:45] , out        , in         , out        , out       
       , out        , in         , silence5   , out       
[8:46] , out        , in         , in         , out       
       , silence1   , out        , in         , silence1  
[8:47] , silence1   , out        , in         , silence1  
       , in         , out        , in         , in        
[8:48] , in         , out        , in         , in        
       , in         , out        , in         , in        
[8:49] , in         , out        , out        , in        
       , in         , in         , out        , in        
[8:50] , in         , in         , out        , in        
       , out        , in         , out        , out       
[8:51] , out        , in         , out        , out       
       , out        , in         , out        , out       
[8:52] , out        , in         , silence5   , out       
       , out        , out        , in         , out       
[8:53] , out        , out        , in         , out       
       , silence1   , out        , in         , silence1  
[8:54] , silence1   , out        , in         , silence1  
       , in         , out        , in         , in        
[8:55] , in         , out        , in         , in        
       , in         , in         , out        , in        
[8:56] , in         , in         , out        , in        
       , in         , in         , out        , in        
[8:57] , in         , in         , out        , in        
       , out        , in         , out        , out       
[8:58] , out        , in         , out        , out       
       , out        , humLow     , silence5   , out       
[8:59] , out        , humLow     , in         , out       
       , out        , humLow     , in         , out       
[9: 0] , out        , humLow     , in         , out       
       , silence1   , humLow     , in         , silence1  
[9: 1] , silence1   , humLow     , in         , silence1  
       , in         , silence1   , in         , in        
[9: 2] , in         , silence1   , out        , in        
       , in         , silence1   , out        , in        
[9: 3] , in         , silence1   , out        , in        
       , in         , silence1   , out        , in        
[9: 4] , in         , silence1   , out        , in        
       , out        , silence1   , out        , out       
[9: 5] , out        , silence1   , silence5   , out       
       , out        , silence1   , in         , out       
[9: 6] , out        , silence1   , in         , out       
       , out        , in         , in         , out       
[9: 7] , out        , in         , in         , out       
       , silence1   , in         , in         , silence1  
[9: 8] , silence1   , in         , in         , silence1  
       , in         , in         , out        , in        
[9: 9] , in         , in         , out        , in        
       , in         , out        , out        , in        
[9:10] , in         , out        , out        , in        
       , in         , out        , out        , in        
[9:11] , in         , out        , out        , in        
       , out        , out        , silence5   , out       
[9:12] , out        , out        , in         , out       
       , out        , silence1   , in         , out       
[9:13] , out        , silence1   , in         , out       
       , out        , in         , in         , out       
[9:14] , out        , in         , in         , out       
       , silence1   , in         , in         , silence1  
[9:15] , silence1   , in         , out        , silence1  
       , in         , in         , out        , in        
[9:16] , in         , in         , out        , in        
       , in         , out        , out        , in        
[9:17] , in         , out        , out        , in        
       , in         , out        , out        , in        
[9:18] , in         , out        , silence5   , in        
       , out        , out        , in         , out       
[9:19] , out        , out        , in         , out       
       , out        , silence1   , in         , out       
[9:20] , out        , silence1   , in         , out       
       , out        , in         , in         , out       
[9:21] , out        , in         , in         , out       
       , silence1   , in         , out        , silence1  
[9:22] , silence1   , in         , out        , silence1  
       , in         , in         , out        , in        
[9:23] , in         , in         , out        , in        
       , in         , out        , out        , in        
[9:24] , in         , out        , out        , in        
       , in         , out        , silence5   , in        
[9:25] , in         , out        , in         , in        
       , out        , out        , in         , out       
[9:26] , out        , out        , in         , out       
       , out        , silence1   , in         , out       
[9:27] , out        , silence1   , in         , out       
       , out        , in         , in         , out       
[9:28] , out        , in         , out        , out       
       , silence1   , in         , out        , silence1  
[9:29] , silence1   , in         , out        , silence1  
       , in         , in         , out        , in        
[9:30] , in         , in         , out        , in        
       , in         , out        , out        , in        
[9:31] , in         , out        , silence5   , in        
       , in         , out        , in         , in        
[9:32] , in         , out        , in         , in        
       , out        , out        , in         , out       
[9:33] , out        , out        , in         , out       
       , out        , silence1   , in         , out       
[9:34] , out        , silence1   , in         , out       
       , out        , in         , out        , out       
[9:35] , out        , in         , out        , out       
       , silence1   , in         , out        , silence1  
[9:36] , silence1   , in         , out        , silence1  
       , in         , in         , out        , in        
[9:37] , in         , in         , out        , in        
       , in         , out        , silence5   , in        
[9:38] , in         , out        , in         , in        
       , in         , out        , in         , in        
[9:39] , in         , out        , in         , in        
       , out        , out        , in         , out       
[9:40] , out        , out        , in         , out       
       , out        , silence1   , in         , out       
[9:41] , out        , silence1   , out        , out       
       , out        , in         , out        , out       
[9:42] , out        , in         , out        , out       
       , silence1   , in         , out        , silence1  
[9:43] , silence1   , in         , out        , silence1  
       , in         , in         , out        , in        
[9:44] , in         , in         , silence5   , in        
       , in         , out        , in         , in        
[9:45] , in         , out        , in         , in        
       , in         , out        , in         , in        
[9:46] , in         , out        , in         , in        
       , out        , out        , in         , out       
[9:47] , out        , out        , in         , out       
       , out        , silence1   , out        , out       
[9:48] , out        , silence1   , out        , out       
       , out        , in         , out        , out       
[9:49] , out        , in         , out        , out       
       , silence1   , in         , out        , silence1  
[9:50] , silence1   , in         , out        , silence1  
       , in         , in         , silence5   , in        
[9:51] , in         , in         , in         , in        
       , in         , out        , in         , in        
[9:52] , in         , out        , in         , in        
       , in         , out        , in         , in        
[9:53] , in         , out        , in         , in        
       , out        , out        , in         , out       
[9:54] , out        , out        , out        , out       
       , out        , clapNow    , out        , out       
[9:55] , out        , clapNow    , out        , out       
       , out        , clapNow    , out        , out       
[9:56] , out        , clapNow    , out        , out       
       , silence1   , clapNow    , out        , silence1  
[9:57] , silence1   , clapNow    , silence5   , silence1  
       , in         , clapNow    , in         , in        
[9:58] , in         , clapNow    , in         , in        
       , in         , in         , in         , in        
[9:59] , in         , in         , in         , in        
       , in         , in         , in         , in        
[10: 0] , in         , in         , in         , in        
       , clapNow    , in         , clapNow    , clapNow   
[10: 1] , clapNow    , in         , clapNow    , clapNow   
       , clapNow    , hold1      , clapNow    , clapNow   
[10: 2] , clapNow    , hold1      , clapNow    , clapNow   
       , out        , out        , out        , out       
[10: 3] , out        , out        , out        , out       
       , out        , out        , out        , out       
[10: 4] , out        , out        , out        , out       
       , out        , out        , out        , out       
[10: 5] , out        , out        , out        , out       
[10: 5] , ********** , ********** , ********** , **********
       , inNose     , inNose     , inNose     , inNose    
[10: 6] , inNose     , inNose     , inNose     , inNose    
       , inNose     , inNose     , inNose     , inNose    
[10: 7] , inNose     , inNose     , inNose     , inNose    
       , inNose     , inNose     , inNose     , inNose    
[10: 8] , inNose     , inNose     , inNose     , inNose    
       , outMouth   , outMouth   , outMouth   , outMouth  
[10: 9] , outMouth   , outMouth   , outMouth   , outMouth  
       , outMouth   , outMouth   , outMouth   , outMouth  
[10:10] , outMouth   , outMouth   , outMouth   , outMouth  
       , outMouth   , outMouth   , outMouth   , outMouth  
[10:11] , outMouth   , outMouth   , outMouth   , outMouth  
       , silence1   , silence1   , silence1   , silence1  
[10:12] , silence1   , silence1   , silence1   , silence1  
       , inNose     , inNose     , inNose     , inNose    
[10:13] , inNose     , inNose     , inNose     , inNose    
       , inNose     , inNose     , inNose     , inNose    
[10:14] , inNose     , inNose     , inNose     , inNose    
       , inNose     , inNose     , inNose     , inNose    
[10:15] , inNose     , inNose     , inNose     , inNose    
       , outMouth   , outMouth   , outMouth   , outMouth  
[10:16] , outMouth   , outMouth   , outMouth   , outMouth  
       , outMouth   , outMouth   , outMouth   , outMouth  
[10:17] , outMouth   , outMouth   , outMouth   , outMouth  
       , outMouth   , outMouth   , outMouth   , outMouth  
[10:18] , outMouth   , outMouth   , outMouth   , outMouth  
       , silence1   , silence1   , silence1   , silence1  
[10:19] , silence1   , silence1   , silence1   , silence1  
       , inNose     , inNose     , inNose     , inNose    
[10:20] , inNose     , inNose     , inNose     , inNose    
       , inNose     , inNose     , inNose     , inNose    
[10:21] , inNose     , inNose     , inNose     , inNose    
       , inNose     , inNose     , inNose     , inNose    
[10:22] , inNose     , inNose     , inNose     , inNose    
       , outMouth   , outMouth   , outMouth   , outMouth  
[10:23] , outMouth   , outMouth   , outMouth   , outMouth  
       , outMouth   , outMouth   , outMouth   , outMouth  
[10:24] , outMouth   , outMouth   , outMouth   , outMouth  
       , outMouth   , outMouth   , outMouth   , outMouth  
[10:25] , outMouth   , outMouth   , outMouth   , outMouth  
       , silence1   , silence1   , silence1   , silence1  
[10:26] , silence1   , silence1   , silence1   , silence1  
[10:26] , ********** , ********** , ********** , **********
       , in         , in         , in         , clapNow   
[10:27] , in         , in         , in         , clapNow   
       , in         , in         , in         , clapNow   
[10:28] , in         , in         , in         , clapNow   
       , in         , in         , in         , in        
[10:29] , in         , in         , in         , in        
       , out        , out        , out        , in        
[10:30] , out        , out        , out        , in        
       , out        , out        , out        , in        
[10:31] , out        , out        , out        , in        
       , out        , out        , out        , out       
[10:32] , out        , out        , out        , out       
       , snapNow    , silence1   , snapNow    , out       
[10:33] , snapNow    , silence1   , snapNow    , out       
       , snapNow    , in         , snapNow    , out       
[10:34] , snapNow    , in         , snapNow    , out       
       , clapNow    , in         , snapNow    , silence1  
[10:35] , clapNow    , in         , snapNow    , silence1  
       , clapNow    , in         , snapNow    , in        
[10:36] , clapNow    , in         , snapNow    , in        
       , silence1   , out        , silence1   , in        
[10:37] , silence1   , out        , silence1   , in        
       , snapNow    , out        , in         , in        
[10:38] , snapNow    , out        , in         , in        
       , snapNow    , out        , in         , out       
[10:39] , snapNow    , out        , in         , out       
       , clapNow    , clapNow    , in         , out       
[10:40] , clapNow    , clapNow    , in         , out       
       , clapNow    , clapNow    , out        , out       
[10:41] , clapNow    , clapNow    , out        , out       
       , in         , silence1   , out        , silence1  
[10:42] , in         , silence1   , out        , silence1  
       , in         , in         , out        , in        
[10:43] , in         , in         , out        , in        
       , in         , in         , silence1   , in        
[10:44] , in         , in         , silence1   , in        
       , out        , in         , in         , in        
[10:45] , out        , in         , in         , in        
       , out        , out        , in         , snapNow   
[10:46] , out        , out        , in         , snapNow   
       , out        , out        , in         , snapNow   
[10:47] , out        , out        , in         , snapNow   
       , silence1   , out        , clapNow    , clapNow   
[10:48] , silence1   , out        , clapNow    , clapNow   
       , in         , clapNow    , clapNow    , clapNow   
[10:49] , in         , clapNow    , clapNow    , clapNow   
       , in         , clapNow    , snapNow    , out       
[10:50] , in         , clapNow    , snapNow    , out       
       , in         , snapNow    , snapNow    , out       
[10:51] , in         , snapNow    , snapNow    , out       
       , out        , snapNow    , clapNow    , out       
[10:52] , out        , snapNow    , clapNow    , out       
       , out        , clapNow    , clapNow    , clapNow   
[10:53] , out        , clapNow    , clapNow    , clapNow   
       , out        , clapNow    , out        , clapNow   
[10:54] , out        , clapNow    , out        , clapNow   
       , silence1   , silence1   , out        , silence1  
[10:55] , silence1   , silence1   , out        , silence1  
       , in         , in         , out        , snapNow   
[10:56] , in         , in         , out        , snapNow   
       , in         , in         , silence1   , snapNow   
[10:57] , in         , in         , silence1   , snapNow   
       , in         , in         , clapNow    , in        
[10:58] , in         , in         , clapNow    , in        
       , snapNow    , snapNow    , clapNow    , in        
[10:59] , snapNow    , snapNow    , clapNow    , in        
       , snapNow    , snapNow    , in         , in        
[11: 0] , snapNow    , snapNow    , in         , in        
       , out        , out        , in         , out       
[11: 1] , out        , out        , in         , out       
       , out        , out        , in         , out       
[11: 2] , out        , out        , in         , out       
       , out        , out        , out        , out       
[11: 3] , out        , out        , out        , out       
       , clapNow    , snapNow    , out        , snapNow   
[11: 4] , clapNow    , snapNow    , out        , snapNow   
       , clapNow    , snapNow    , out        , snapNow   
[11: 5] , clapNow    , snapNow    , out        , snapNow   
       , silence1   , silence1   , silence1   , silence1  
[11: 6] , silence1   , silence1   , silence1   , silence1  
[11: 6] , ********** , ********** , ********** , **********
       , inNose     , inNose     , inNose     , inNose    
[11: 7] , inNose     , inNose     , inNose     , inNose    
       , inNose     , inNose     , inNose     , inNose    
[11: 8] , inNose     , inNose     , inNose     , inNose    
       , inNose     , inNose     , inNose     , inNose    
[11: 9] , inNose     , inNose     , inNose     , inNose    
       , outMouth   , outMouth   , outMouth   , outMouth  
[11:10] , outMouth   , outMouth   , outMouth   , outMouth  
       , outMouth   , outMouth   , outMouth   , outMouth  
[11:11] , outMouth   , outMouth   , outMouth   , outMouth  
       , outMouth   , outMouth   , outMouth   , outMouth  
[11:12] , outMouth   , outMouth   , outMouth   , outMouth  
       , silence1   , silence1   , silence1   , silence1  
[11:13] , silence1   , silence1   , silence1   , silence1  
[11:13] , ********** , ********** , ********** , **********
       , silence1   , silence1   , silence1   , in        
[11:14] , silence1   , silence1   , silence1   , in        
       , silence1   , in         , silence1   , in        
[11:15] , silence1   , in         , silence1   , in        
       , silence1   , in         , in         , in        
[11:16] , silence1   , in         , in         , in        
       , in         , in         , in         , humLow    
[11:17] , in         , in         , in         , humLow    
       , in         , out        , in         , humLow    
[11:18] , in         , out        , in         , humLow    
       , in         , out        , humLow     , humLow    
[11:19] , in         , out        , humLow     , humLow    
       , singLow    , out        , humLow     , silence1  
[11:20] , singLow    , out        , humLow     , silence1  
       , singLow    , silence1   , humLow     , silence1  
[11:21] , singLow    , silence1   , humLow     , silence1  
       , singLow    , in         , silence1   , silence1  
[11:22] , singLow    , in         , silence1   , silence1  
       , silence1   , in         , silence1   , silence1  
[11:23] , silence1   , in         , silence1   , silence1  
       , silence1   , in         , silence1   , silence1  
[11:24] , silence1   , in         , silence1   , silence1  
       , silence1   , singHigh   , silence1   , in        
[11:25] , silence1   , singHigh   , silence1   , in        
       , silence1   , singHigh   , silence1   , in        
[11:26] , silence1   , singHigh   , silence1   , in        
       , silence1   , singHigh   , in         , in        
[11:27] , silence1   , singHigh   , in         , in        
       , in         , silence1   , in         , singHigh  
[11:28] , in         , silence1   , in         , singHigh  
       , in         , silence1   , in         , singHigh  
[11:29] , in         , silence1   , in         , singHigh  
       , in         , silence1   , singLow    , singHigh  
[11:30] , in         , silence1   , singLow    , singHigh  
       , singHigh   , silence1   , singLow    , silence1  
[11:31] , singHigh   , silence1   , singLow    , silence1  
       , singHigh   , silence1   , singLow    , silence1  
[11:32] , singHigh   , silence1   , singLow    , silence1  
       , singHigh   , in         , silence1   , silence1  
[11:33] , singHigh   , in         , silence1   , silence1  
       , silence1   , in         , silence1   , silence1  
[11:34] , silence1   , in         , silence1   , silence1  
       , silence1   , in         , silence1   , silence1  
[11:35] , silence1   , in         , silence1   , silence1  
       , silence1   , singLow    , silence1   , in        
[11:36] , silence1   , singLow    , silence1   , in        
       , silence1   , singLow    , silence1   , in        
[11:37] , silence1   , singLow    , silence1   , in        
       , silence1   , singLow    , in         , in        
[11:38] , silence1   , singLow    , in         , in        
       , in         , silence1   , in         , out       
[11:39] , in         , silence1   , in         , out       
       , in         , silence1   , in         , out       
[11:40] , in         , silence1   , in         , out       
       , in         , silence1   , out        , out       
[11:41] , in         , silence1   , out        , out       
       , humLow     , silence1   , out        , silence1  
[11:42] , humLow     , silence1   , out        , silence1  
       , humLow     , silence1   , out        , in        
[11:43] , humLow     , silence1   , out        , in        
       , humLow     , in         , silence1   , in        
[11:44] , humLow     , in         , silence1   , in        
       , silence1   , in         , in         , in        
[11:45] , silence1   , in         , in         , in        
       , silence1   , in         , in         , humHigh   
[11:46] , silence1   , in         , in         , humHigh   
       , silence1   , out        , in         , humHigh   
[11:47] , silence1   , out        , in         , humHigh   
       , silence1   , out        , out        , humHigh   
[11:48] , silence1   , out        , out        , humHigh   
       , silence1   , out        , out        , silence1  
[11:49] , silence1   , out        , out        , silence1  
       , in         , silence1   , out        , silence1  
[11:50] , in         , silence1   , out        , silence1  
       , in         , in         , silence1   , silence1  
[11:51] , in         , in         , silence1   , silence1  
       , in         , in         , in         , silence1  
[11:52] , in         , in         , in         , silence1  
       , out        , in         , in         , silence1  
[11:53] , out        , in         , in         , silence1  
       , out        , humHigh    , in         , in        
[11:54] , out        , humHigh    , in         , in        
       , out        , humHigh    , singHigh   , in        
[11:55] , out        , humHigh    , singHigh   , in        
       , silence1   , humHigh    , singHigh   , in        
[11:56] , silence1   , humHigh    , singHigh   , in        
       , in         , silence1   , singHigh   , out       
[11:57] , in         , silence1   , singHigh   , out       
       , in         , silence1   , silence1   , out       
[11:58] , in         , silence1   , silence1   , out       
       , in         , silence1   , silence1   , out       
[11:59] , in         , silence1   , silence1   , out       
       , humHigh    , silence1   , silence1   , silence1  
[12: 0] , humHigh    , silence1   , silence1   , silence1  
       , humHigh    , silence1   , silence1   , in        
[12: 1] , humHigh    , silence1   , silence1   , in        
       , humHigh    , in         , silence1   , in        
[12: 2] , humHigh    , in         , silence1   , in        
       , silence1   , in         , in         , in        
[12: 3] , silence1   , in         , in         , in        
       , silence1   , in         , in         , singLow   
[12: 4] , silence1   , in         , in         , singLow   
       , silence1   , humLow     , in         , singLow   
[12: 5] , silence1   , humLow     , in         , singLow   
       , silence1   , humLow     , humHigh    , singLow   
[12: 6] , silence1   , humLow     , humHigh    , singLow   
       , silence1   , humLow     , humHigh    , silence1  
[12: 7] , silence1   , humLow     , humHigh    , silence1  
       , in         , silence1   , humHigh    , silence1  
[12: 8] , in         , silence1   , humHigh    , silence1  
       , in         , silence1   , silence1   , silence1  
[12: 9] , in         , silence1   , silence1   , silence1  
       , in         , silence1   , silence1   , silence1  
[12:10] , in         , silence1   , silence1   , silence1  
       , out        , silence1   , silence1   , silence1  
[12:11] , out        , silence1   , silence1   , silence1  
       , out        , silence1   , silence1   , silence1  
[12:12] , out        , silence1   , silence1   , silence1  
       , out        , silence1   , silence1   , silence1  
[12:13] , out        , silence1   , silence1   , silence1  
       , silence1   , silence1   , silence1   , silence1  
[12:14] , silence1   , silence1   , silence1   , silence1  
       , silence1   , silence1   , silence1   , silence1  
[12:15] , silence1   , silence1   , silence1   , silence1  
[12:15] , ********** , ********** , ********** , **********
       , snapNow    , snapNow    , snapNow    , snapNow   
[12:16] , snapNow    , snapNow    , snapNow    , snapNow   
       , snapNow    , snapNow    , snapNow    , snapNow   
[12:17] , snapNow    , snapNow    , snapNow    , snapNow   
[12:17] , ********** , ********** , ********** , **********
       , inNose     , inNose     , inNose     , inNose    
[12:18] , inNose     , inNose     , inNose     , inNose    
       , inNose     , inNose     , inNose     , inNose    
[12:19] , inNose     , inNose     , inNose     , inNose    
       , inNose     , inNose     , inNose     , inNose    
[12:20] , inNose     , inNose     , inNose     , inNose    
       , outMouth   , outMouth   , outMouth   , outMouth  
[12:21] , outMouth   , outMouth   , outMouth   , outMouth  
       , outMouth   , outMouth   , outMouth   , outMouth  
[12:22] , outMouth   , outMouth   , outMouth   , outMouth  
       , outMouth   , outMouth   , outMouth   , outMouth  
[12:23] , outMouth   , outMouth   , outMouth   , outMouth  
       , inNose     , inNose     , inNose     , inNose    
[12:24] , inNose     , inNose     , inNose     , inNose    
       , inNose     , inNose     , inNose     , inNose    
[12:25] , inNose     , inNose     , inNose     , inNose    
       , inNose     , inNose     , inNose     , inNose    
[12:26] , inNose     , inNose     , inNose     , inNose    
       , outMouth   , outMouth   , outMouth   , outMouth  
[12:27] , outMouth   , outMouth   , outMouth   , outMouth  
       , outMouth   , outMouth   , outMouth   , outMouth  
[12:28] , outMouth   , outMouth   , outMouth   , outMouth  
       , outMouth   , outMouth   , outMouth   , outMouth  
[12:29] , outMouth   , outMouth   , outMouth   , outMouth  
       , inNose     , inMouth    , inNose     , inNose    
[12:30] , inNose     , inMouth    , inNose     , inNose    
       , inNose     , inMouth    , inNose     , inNose    
[12:31] , inNose     , inMouth    , inNose     , inNose    
       , inNose     , inMouth    , inNose     , inNose    
[12:32] , inNose     , inMouth    , inNose     , inNose    
       , outMouth   , outMouth   , outMouth   , outMouth  
[12:33] , outMouth   , outMouth   , outMouth   , outMouth  
       , outMouth   , outMouth   , outMouth   , outMouth  
[12:34] , outMouth   , outMouth   , outMouth   , outMouth  
       , outMouth   , outMouth   , outMouth   , outMouth  
[12:35] , outMouth   , outMouth   , outMouth   , outMouth  
       , inNose     , jchill     , inNose     , inNose    
[12:36] , inNose     , jchill     , inNose     , inNose    
       , inNose     , jchill     , inNose     , inNose    
[12:37] , inNose     , jchill     , inNose     , inNose    
       , inNose     , jchill     , inNose     , inNose    
[12:38] , inNose     , jchill     , inNose     , inNose    
       , outMouth   , jchill     , outMouth   , outMouth  
[12:39] , outMouth   , jchill     , outMouth   , outMouth  
       , outMouth   , silence1   , outMouth   , outMouth  
[12:40] , outMouth   , silence1   , outMouth   , outMouth  
       , outMouth   , silence1   , outMouth   , outMouth  
[12:41] , outMouth   , silence1   , outMouth   , outMouth  
       , inNose     , silence1   , inNose     , inNose    
[12:42] , inNose     , silence1   , inNose     , inNose    
       , inNose     , silence1   , inNose     , inNose    
[12:43] , inNose     , silence1   , inNose     , inNose    
       , inNose     , silence1   , inNose     , inNose    
[12:44] , inNose     , silence1   , inNose     , inNose    
       , outMouth   , silence1   , outMouth   , outMouth  
[12:45] , outMouth   , silence1   , outMouth   , outMouth  
       , outMouth   , silence1   , outMouth   , outMouth  
[12:46] , outMouth   , silence1   , outMouth   , outMouth  
       , outMouth   , silence1   , outMouth   , outMouth  
[12:47] , outMouth   , silence1   , outMouth   , outMouth  
       , inMouth    , silence1   , inNose     , inNose    
[12:48] , inMouth    , silence1   , inNose     , inNose    
       , inMouth    , silence1   , inNose     , inNose    
[12:49] , inMouth    , silence1   , inNose     , inNose    
       , inMouth    , silence1   , inNose     , inNose    
[12:50] , inMouth    , silence1   , inNose     , inNose    
       , outMouth   , silence1   , outMouth   , outMouth  
[12:51] , outMouth   , silence1   , outMouth   , outMouth  
       , outMouth   , silence1   , outMouth   , outMouth  
[12:52] , outMouth   , silence1   , outMouth   , outMouth  
       , outMouth   , silence1   , outMouth   , outMouth  
[12:53] , outMouth   , silence1   , outMouth   , outMouth  
       , jchill     , silence1   , inMouth    , inNose    
[12:54] , jchill     , silence1   , inMouth    , inNose    
       , jchill     , silence1   , inMouth    , inNose    
[12:55] , jchill     , silence1   , inMouth    , inNose    
       , jchill     , silence1   , inMouth    , inNose    
[12:56] , jchill     , silence1   , inMouth    , inNose    
       , jchill     , silence1   , outMouth   , outMouth  
[12:57] , jchill     , silence1   , outMouth   , outMouth  
       , silence1   , silence1   , outMouth   , outMouth  
[12:58] , silence1   , silence1   , outMouth   , outMouth  
       , silence1   , silence1   , outMouth   , outMouth  
[12:59] , silence1   , silence1   , outMouth   , outMouth  
       , silence1   , silence1   , jchill     , inNose    
[13: 0] , silence1   , silence1   , jchill     , inNose    
       , silence1   , silence1   , jchill     , inNose    
[13: 1] , silence1   , silence1   , jchill     , inNose    
       , silence1   , silence1   , jchill     , inNose    
[13: 2] , silence1   , silence1   , jchill     , inNose    
       , silence1   , silence1   , jchill     , outMouth  
[13: 3] , silence1   , silence1   , jchill     , outMouth  
       , silence1   , silence1   , silence1   , outMouth  
[13: 4] , silence1   , silence1   , silence1   , outMouth  
       , silence1   , silence1   , silence1   , outMouth  
[13: 5] , silence1   , silence1   , silence1   , outMouth  
[13: 5] , ********** , ********** , ********** , **********
       , snapNow    , snapNow    , snapNow    , snapNow   
[13: 6] , snapNow    , snapNow    , snapNow    , snapNow   
       , snapNow    , snapNow    , snapNow    , snapNow   
[13: 7] , snapNow    , snapNow    , snapNow    , snapNow   
[13: 7] , ********** , ********** , ********** , **********